sp|Q46GQ4|PYRH_PROMT	1	M	Exposed	0.84	-0.02	0.0
sp|Q46GQ4|PYRH_PROMT	2	T	Buried	0.19	-0.18	0.0
sp|Q46GQ4|PYRH_PROMT	3	Y	Buried	0.66	-1.08	0.0
sp|Q46GQ4|PYRH_PROMT	4	S	Exposed	0.18	-1.1	0.0
sp|Q46GQ4|PYRH_PROMT	5	R	Buried	0.16	-0.2	0.0
sp|Q46GQ4|PYRH_PROMT	6	A	Buried	0.49	0.96	0.0
sp|Q46GQ4|PYRH_PROMT	7	L	Buried	0.38	0.34	0.0
sp|Q46GQ4|PYRH_PROMT	8	I	Exposed	0.86	2.0	0.0
sp|Q46GQ4|PYRH_PROMT	9	K	Exposed	0.33	1.48	0.0
sp|Q46GQ4|PYRH_PROMT	10	L	Buried	0.45	0.64	0.0
sp|Q46GQ4|PYRH_PROMT	11	S	Exposed	0.57	-0.96	0.0
sp|Q46GQ4|PYRH_PROMT	12	G	Exposed	0.81	0.18	0.0
sp|Q46GQ4|PYRH_PROMT	13	E	Exposed	0.81	0.18	0.0
sp|Q46GQ4|PYRH_PROMT	14	A	Exposed	0.29	0.72	0.0
sp|Q46GQ4|PYRH_PROMT	15	L	Exposed	0.38	0.72	0.0
sp|Q46GQ4|PYRH_PROMT	16	M	Exposed	0.94	0.72	0.0
sp|Q46GQ4|PYRH_PROMT	17	G	Exposed	0.86	-0.42	0.0
sp|Q46GQ4|PYRH_PROMT	18	D	Exposed	0.8	-1.5	0.0
sp|Q46GQ4|PYRH_PROMT	19	K	Exposed	0.71	-2.14	0.0
sp|Q46GQ4|PYRH_PROMT	20	P	Exposed	0.84	-2.14	0.0
sp|Q46GQ4|PYRH_PROMT	21	Y	Exposed	0.55	-0.54	0.0
sp|Q46GQ4|PYRH_PROMT	22	G	Exposed	0.72	-0.46	0.0
sp|Q46GQ4|PYRH_PROMT	23	I	Exposed	0.82	-0.46	0.0
sp|Q46GQ4|PYRH_PROMT	24	D	Exposed	0.6	-0.9	0.0
sp|Q46GQ4|PYRH_PROMT	25	P	Exposed	0.7	0.08	0.0
sp|Q46GQ4|PYRH_PROMT	26	E	Exposed	0.55	0.02	0.0
sp|Q46GQ4|PYRH_PROMT	27	I	Exposed	0.51	0.02	0.0
sp|Q46GQ4|PYRH_PROMT	28	V	Buried	0.5	0.18	0.0
sp|Q46GQ4|PYRH_PROMT	29	Q	Buried	0.82	1.78	0.0
sp|Q46GQ4|PYRH_PROMT	30	S	Buried	0.14	1.24	0.0
sp|Q46GQ4|PYRH_PROMT	31	I	Exposed	0.35	-0.38	0.0
sp|Q46GQ4|PYRH_PROMT	32	A	Buried	0.45	-0.38	0.0
sp|Q46GQ4|PYRH_PROMT	33	K	Buried	0.44	0.62	0.0
sp|Q46GQ4|PYRH_PROMT	34	D	Buried	0.23	-0.44	0.0
sp|Q46GQ4|PYRH_PROMT	35	V	Buried	0.63	-1.58	0.0
sp|Q46GQ4|PYRH_PROMT	36	S	Buried	0.28	0.04	0.0
sp|Q46GQ4|PYRH_PROMT	37	K	Buried	0.47	1.58	0.0
sp|Q46GQ4|PYRH_PROMT	38	V	Buried	0.54	0.04	0.0
sp|Q46GQ4|PYRH_PROMT	39	V	Buried	0.45	-0.5	0.0
sp|Q46GQ4|PYRH_PROMT	40	E	Exposed	0.14	0.2	0.0
sp|Q46GQ4|PYRH_PROMT	41	N	Exposed	0.3	-0.78	0.0
sp|Q46GQ4|PYRH_PROMT	42	G	Exposed	0.35	-2.32	0.0
sp|Q46GQ4|PYRH_PROMT	43	T	Buried	0.04	-0.72	0.0
sp|Q46GQ4|PYRH_PROMT	44	Q	Buried	0.62	0.34	0.0
sp|Q46GQ4|PYRH_PROMT	45	I	Exposed	0.45	1.32	0.0
sp|Q46GQ4|PYRH_PROMT	46	A	Buried	0.06	2.3	0.0
sp|Q46GQ4|PYRH_PROMT	47	I	Exposed	0.56	3.84	0.0
sp|Q46GQ4|PYRH_PROMT	48	V	Exposed	0.03	2.86	0.0
sp|Q46GQ4|PYRH_PROMT	49	V	Exposed	0.21	2.42	0.0
sp|Q46GQ4|PYRH_PROMT	50	G	Exposed	0.61	1.44	0.0
sp|Q46GQ4|PYRH_PROMT	51	G	Exposed	0.67	-0.1	0.0
sp|Q46GQ4|PYRH_PROMT	52	G	Exposed	0.62	-0.04	0.0
sp|Q46GQ4|PYRH_PROMT	53	N	Exposed	0.48	0.6	0.0
sp|Q46GQ4|PYRH_PROMT	54	I	Exposed	0.68	-0.22	0.0
sp|Q46GQ4|PYRH_PROMT	55	F	Exposed	0.22	-0.22	0.0
sp|Q46GQ4|PYRH_PROMT	56	R	Buried	0.29	1.24	0.0
sp|Q46GQ4|PYRH_PROMT	57	G	Buried	0.31	-0.44	0.0
sp|Q46GQ4|PYRH_PROMT	58	L	Buried	0.74	-1.08	0.0
sp|Q46GQ4|PYRH_PROMT	59	K	Buried	0.62	-0.34	0.0
sp|Q46GQ4|PYRH_PROMT	60	G	Buried	0.5	0.1	0.0
sp|Q46GQ4|PYRH_PROMT	61	S	Buried	0.41	-0.3	0.0
sp|Q46GQ4|PYRH_PROMT	62	A	Buried	0.72	0.4	0.0
sp|Q46GQ4|PYRH_PROMT	63	A	Buried	0.66	0.86	0.0
sp|Q46GQ4|PYRH_PROMT	64	G	Buried	0.28	0.32	0.0
sp|Q46GQ4|PYRH_PROMT	65	M	Exposed	0.23	-0.94	0.0
sp|Q46GQ4|PYRH_PROMT	66	D	Buried	0.1	-0.94	0.0
sp|Q46GQ4|PYRH_PROMT	67	R	Buried	0.79	-1.0	0.0
sp|Q46GQ4|PYRH_PROMT	68	A	Buried	0.81	-1.02	0.0
sp|Q46GQ4|PYRH_PROMT	69	T	Buried	0.69	-1.02	0.0
sp|Q46GQ4|PYRH_PROMT	70	A	Buried	0.6	-0.38	0.0
sp|Q46GQ4|PYRH_PROMT	71	D	Buried	0.44	0.1	0.0
sp|Q46GQ4|PYRH_PROMT	72	Y	Buried	0.7	0.16	0.0
sp|Q46GQ4|PYRH_PROMT	73	V	Buried	0.62	0.18	0.0
sp|Q46GQ4|PYRH_PROMT	74	G	Buried	0.09	1.64	0.0
sp|Q46GQ4|PYRH_PROMT	75	M	Exposed	0.2	2.26	0.0
sp|Q46GQ4|PYRH_PROMT	76	L	Buried	0.5	1.28	0.0
sp|Q46GQ4|PYRH_PROMT	77	A	Buried	0.54	2.2	0.0
sp|Q46GQ4|PYRH_PROMT	78	T	Buried	0.26	2.2	0.0
sp|Q46GQ4|PYRH_PROMT	79	V	Exposed	0.21	0.74	0.0
sp|Q46GQ4|PYRH_PROMT	80	M	Exposed	0.59	0.74	0.0
sp|Q46GQ4|PYRH_PROMT	81	N	Exposed	0.22	1.78	0.0
sp|Q46GQ4|PYRH_PROMT	82	A	Exposed	0.0	0.8	0.0
sp|Q46GQ4|PYRH_PROMT	83	I	Exposed	0.6	1.18	0.0
sp|Q46GQ4|PYRH_PROMT	84	T	Exposed	0.14	1.18	0.0
sp|Q46GQ4|PYRH_PROMT	85	L	Buried	0.56	0.12	0.0
sp|Q46GQ4|PYRH_PROMT	86	Q	Buried	0.52	-0.86	0.0
sp|Q46GQ4|PYRH_PROMT	87	D	Exposed	0.27	0.04	0.0
sp|Q46GQ4|PYRH_PROMT	88	G	Exposed	0.15	-1.42	0.0
sp|Q46GQ4|PYRH_PROMT	89	L	Buried	0.49	-1.62	0.0
sp|Q46GQ4|PYRH_PROMT	90	E	Exposed	0.08	-0.56	0.0
sp|Q46GQ4|PYRH_PROMT	91	R	Buried	0.32	-0.56	0.0
sp|Q46GQ4|PYRH_PROMT	92	A	Buried	0.47	-0.48	0.0
sp|Q46GQ4|PYRH_PROMT	93	G	Buried	0.26	-0.1	0.0
sp|Q46GQ4|PYRH_PROMT	94	V	Buried	0.24	0.66	0.0
sp|Q46GQ4|PYRH_PROMT	95	P	Exposed	0.13	-0.6	0.0
sp|Q46GQ4|PYRH_PROMT	96	T	Buried	0.42	0.32	0.0
sp|Q46GQ4|PYRH_PROMT	97	R	Buried	0.65	-1.22	0.0
sp|Q46GQ4|PYRH_PROMT	98	V	Buried	0.45	-1.06	0.0
sp|Q46GQ4|PYRH_PROMT	99	Q	Buried	0.61	-0.56	0.0
sp|Q46GQ4|PYRH_PROMT	100	S	Exposed	0.05	1.24	0.0
sp|Q46GQ4|PYRH_PROMT	101	A	Buried	0.1	-0.3	0.0
sp|Q46GQ4|PYRH_PROMT	102	I	Exposed	0.71	0.78	0.0
sp|Q46GQ4|PYRH_PROMT	103	D	Exposed	0.84	0.24	0.0
sp|Q46GQ4|PYRH_PROMT	104	M	Exposed	0.81	-0.82	0.0
sp|Q46GQ4|PYRH_PROMT	105	Q	Buried	0.31	-0.82	0.0
sp|Q46GQ4|PYRH_PROMT	106	Q	Buried	0.43	0.24	0.0
sp|Q46GQ4|PYRH_PROMT	107	I	Exposed	0.72	-0.84	0.0
sp|Q46GQ4|PYRH_PROMT	108	A	Exposed	0.28	-0.46	0.0
sp|Q46GQ4|PYRH_PROMT	109	E	Exposed	0.64	-0.02	0.0
sp|Q46GQ4|PYRH_PROMT	110	P	Exposed	0.69	-0.02	0.0
sp|Q46GQ4|PYRH_PROMT	111	Y	Exposed	0.3	-1.28	0.0
sp|Q46GQ4|PYRH_PROMT	112	I	Exposed	0.54	-1.48	0.0
sp|Q46GQ4|PYRH_PROMT	113	R	Exposed	0.0	-2.06	0.0
sp|Q46GQ4|PYRH_PROMT	114	R	Buried	0.18	-1.44	0.0
sp|Q46GQ4|PYRH_PROMT	115	R	Buried	0.42	-1.44	0.0
sp|Q46GQ4|PYRH_PROMT	116	A	Buried	0.49	-1.44	0.0
sp|Q46GQ4|PYRH_PROMT	117	I	Exposed	0.06	-1.18	0.0
sp|Q46GQ4|PYRH_PROMT	118	R	Buried	0.65	0.48	0.0
sp|Q46GQ4|PYRH_PROMT	119	H	Buried	0.72	-0.58	0.0
sp|Q46GQ4|PYRH_PROMT	120	L	Buried	0.79	-2.26	0.0
sp|Q46GQ4|PYRH_PROMT	121	E	Buried	0.38	-1.44	0.0
sp|Q46GQ4|PYRH_PROMT	122	K	Buried	0.64	-1.7	0.0
sp|Q46GQ4|PYRH_PROMT	123	G	Buried	0.52	-1.62	0.0
sp|Q46GQ4|PYRH_PROMT	124	R	Buried	0.62	-0.08	0.0
sp|Q46GQ4|PYRH_PROMT	125	V	Buried	0.41	1.54	0.0
sp|Q46GQ4|PYRH_PROMT	126	V	Buried	0.21	2.18	0.0
sp|Q46GQ4|PYRH_PROMT	127	V	Exposed	0.1	3.0	0.0
sp|Q46GQ4|PYRH_PROMT	128	F	Exposed	0.65	2.08	0.0
sp|Q46GQ4|PYRH_PROMT	129	G	Exposed	0.7	1.16	0.0
sp|Q46GQ4|PYRH_PROMT	130	G	Exposed	0.75	0.82	0.0
sp|Q46GQ4|PYRH_PROMT	131	G	Exposed	0.8	0.18	0.0
sp|Q46GQ4|PYRH_PROMT	132	C	Exposed	0.85	-0.44	0.0
sp|Q46GQ4|PYRH_PROMT	133	G	Exposed	0.81	-0.68	0.0
sp|Q46GQ4|PYRH_PROMT	134	N	Exposed	0.67	-0.04	0.0
sp|Q46GQ4|PYRH_PROMT	135	P	Exposed	0.84	0.02	0.0
sp|Q46GQ4|PYRH_PROMT	136	F	Exposed	0.53	-0.04	0.0
sp|Q46GQ4|PYRH_PROMT	137	F	Exposed	0.63	0.52	0.0
sp|Q46GQ4|PYRH_PROMT	138	T	Exposed	0.23	0.14	0.0
sp|Q46GQ4|PYRH_PROMT	139	T	Buried	0.17	-0.56	0.0
sp|Q46GQ4|PYRH_PROMT	140	D	Exposed	0.35	-1.26	0.0
sp|Q46GQ4|PYRH_PROMT	141	T	Buried	0.75	-0.76	0.0
sp|Q46GQ4|PYRH_PROMT	142	T	Buried	0.9	-0.26	0.0
sp|Q46GQ4|PYRH_PROMT	143	A	Buried	0.97	1.2	0.0
sp|Q46GQ4|PYRH_PROMT	144	A	Buried	0.98	0.44	0.0
sp|Q46GQ4|PYRH_PROMT	145	L	Buried	0.98	0.94	0.0
sp|Q46GQ4|PYRH_PROMT	146	R	Buried	0.97	0.94	0.0
sp|Q46GQ4|PYRH_PROMT	147	A	Buried	0.93	-0.12	0.0
sp|Q46GQ4|PYRH_PROMT	148	A	Buried	0.81	0.02	0.0
sp|Q46GQ4|PYRH_PROMT	149	E	Exposed	0.0	0.22	0.0
sp|Q46GQ4|PYRH_PROMT	150	I	Exposed	0.68	0.22	0.0
sp|Q46GQ4|PYRH_PROMT	151	N	Exposed	0.52	-0.84	0.0
sp|Q46GQ4|PYRH_PROMT	152	A	Exposed	0.12	0.7	0.0
sp|Q46GQ4|PYRH_PROMT	153	E	Exposed	0.66	0.64	0.0
sp|Q46GQ4|PYRH_PROMT	154	V	Exposed	0.4	1.9	0.0
sp|Q46GQ4|PYRH_PROMT	155	V	Exposed	0.35	0.76	0.0
sp|Q46GQ4|PYRH_PROMT	156	F	Exposed	0.61	1.82	0.0
sp|Q46GQ4|PYRH_PROMT	157	K	Exposed	0.44	0.84	0.0
sp|Q46GQ4|PYRH_PROMT	158	A	Exposed	0.1	-0.78	0.0
sp|Q46GQ4|PYRH_PROMT	159	T	Exposed	0.38	-0.5	0.0
sp|Q46GQ4|PYRH_PROMT	160	K	Exposed	0.4	-0.42	0.0
sp|Q46GQ4|PYRH_PROMT	161	V	Exposed	0.31	-0.86	0.0
sp|Q46GQ4|PYRH_PROMT	162	D	Exposed	0.68	0.12	0.0
sp|Q46GQ4|PYRH_PROMT	163	G	Exposed	0.69	0.64	0.0
sp|Q46GQ4|PYRH_PROMT	164	V	Exposed	0.41	-0.9	0.0
sp|Q46GQ4|PYRH_PROMT	165	Y	Exposed	0.4	-1.1	0.0
sp|Q46GQ4|PYRH_PROMT	166	D	Exposed	0.63	-1.72	0.0
sp|Q46GQ4|PYRH_PROMT	167	R	Exposed	0.33	-2.88	0.0
sp|Q46GQ4|PYRH_PROMT	168	D	Exposed	0.81	-3.4	0.0
sp|Q46GQ4|PYRH_PROMT	169	P	Exposed	0.89	-3.48	0.0
sp|Q46GQ4|PYRH_PROMT	170	K	Exposed	0.54	-2.02	0.0
sp|Q46GQ4|PYRH_PROMT	171	K	Exposed	0.35	-1.46	0.0
sp|Q46GQ4|PYRH_PROMT	172	F	Exposed	0.49	-1.84	0.0
sp|Q46GQ4|PYRH_PROMT	173	T	Buried	0.17	-0.7	0.0
sp|Q46GQ4|PYRH_PROMT	174	D	Exposed	0.13	0.92	0.0
sp|Q46GQ4|PYRH_PROMT	175	A	Buried	0.7	-0.42	0.0
sp|Q46GQ4|PYRH_PROMT	176	V	Buried	0.64	-0.54	0.0
sp|Q46GQ4|PYRH_PROMT	177	K	Buried	0.69	-0.54	0.0
sp|Q46GQ4|PYRH_PROMT	178	Y	Buried	0.7	-1.6	0.0
sp|Q46GQ4|PYRH_PROMT	179	D	Buried	0.41	-1.68	0.0
sp|Q46GQ4|PYRH_PROMT	180	N	Buried	0.29	-1.04	0.0
sp|Q46GQ4|PYRH_PROMT	181	L	Buried	0.81	-0.22	0.0
sp|Q46GQ4|PYRH_PROMT	182	T	Buried	0.78	-0.22	0.0
sp|Q46GQ4|PYRH_PROMT	183	F	Buried	0.67	-0.22	0.0
sp|Q46GQ4|PYRH_PROMT	184	Q	Buried	0.92	-0.14	0.0
sp|Q46GQ4|PYRH_PROMT	185	D	Buried	0.75	0.76	0.0
sp|Q46GQ4|PYRH_PROMT	186	V	Buried	0.78	0.56	0.0
sp|Q46GQ4|PYRH_PROMT	187	L	Buried	0.87	0.56	0.0
sp|Q46GQ4|PYRH_PROMT	188	A	Buried	0.7	0.56	0.0
sp|Q46GQ4|PYRH_PROMT	189	N	Buried	0.29	0.62	0.0
sp|Q46GQ4|PYRH_PROMT	190	E	Exposed	0.29	-0.22	0.0
sp|Q46GQ4|PYRH_PROMT	191	I	Exposed	0.72	0.26	0.0
sp|Q46GQ4|PYRH_PROMT	192	G	Exposed	0.45	1.34	0.0
sp|Q46GQ4|PYRH_PROMT	193	V	Exposed	0.25	1.34	0.0
sp|Q46GQ4|PYRH_PROMT	194	M	Exposed	0.68	0.28	0.0
sp|Q46GQ4|PYRH_PROMT	195	D	Exposed	0.49	0.22	0.0
sp|Q46GQ4|PYRH_PROMT	196	S	Exposed	0.39	-0.26	0.0
sp|Q46GQ4|PYRH_PROMT	197	T	Buried	0.26	0.26	0.0
sp|Q46GQ4|PYRH_PROMT	198	A	Buried	0.55	1.32	0.0
sp|Q46GQ4|PYRH_PROMT	199	I	Exposed	0.35	2.24	0.0
sp|Q46GQ4|PYRH_PROMT	200	A	Buried	0.45	2.88	0.0
sp|Q46GQ4|PYRH_PROMT	201	L	Buried	0.54	1.74	0.0
sp|Q46GQ4|PYRH_PROMT	202	C	Exposed	0.27	0.14	0.0
sp|Q46GQ4|PYRH_PROMT	203	K	Exposed	0.37	-0.92	0.0
sp|Q46GQ4|PYRH_PROMT	204	D	Exposed	0.66	-2.46	0.0
sp|Q46GQ4|PYRH_PROMT	205	N	Exposed	0.51	-2.06	0.0
sp|Q46GQ4|PYRH_PROMT	206	K	Exposed	0.3	-1.6	0.0
sp|Q46GQ4|PYRH_PROMT	207	I	Exposed	0.79	0.0	0.0
sp|Q46GQ4|PYRH_PROMT	208	P	Exposed	0.74	1.54	0.0
sp|Q46GQ4|PYRH_PROMT	209	I	Exposed	0.64	3.16	0.0
sp|Q46GQ4|PYRH_PROMT	210	V	Buried	0.19	2.82	0.0
sp|Q46GQ4|PYRH_PROMT	211	V	Buried	0.35	2.44	0.0
sp|Q46GQ4|PYRH_PROMT	212	F	Buried	0.1	2.44	0.0
sp|Q46GQ4|PYRH_PROMT	213	N	Buried	0.08	2.16	0.0
sp|Q46GQ4|PYRH_PROMT	214	I	Exposed	0.32	0.62	0.0
sp|Q46GQ4|PYRH_PROMT	215	F	Buried	0.31	-0.26	0.0
sp|Q46GQ4|PYRH_PROMT	216	Q	Buried	0.75	0.36	0.0
sp|Q46GQ4|PYRH_PROMT	217	P	Buried	0.15	-1.24	0.0
sp|Q46GQ4|PYRH_PROMT	218	G	Buried	0.26	-0.9	0.0
sp|Q46GQ4|PYRH_PROMT	219	N	Buried	0.35	0.16	0.0
sp|Q46GQ4|PYRH_PROMT	220	I	Buried	0.14	-0.3	0.0
sp|Q46GQ4|PYRH_PROMT	221	A	Buried	0.68	0.14	0.0
sp|Q46GQ4|PYRH_PROMT	222	K	Buried	0.6	1.74	0.0
sp|Q46GQ4|PYRH_PROMT	223	A	Buried	0.38	0.68	0.0
sp|Q46GQ4|PYRH_PROMT	224	I	Exposed	0.23	0.24	0.0
sp|Q46GQ4|PYRH_PROMT	225	S	Exposed	0.45	0.32	0.0
sp|Q46GQ4|PYRH_PROMT	226	G	Exposed	0.6	-0.36	0.0
sp|Q46GQ4|PYRH_PROMT	227	E	Exposed	0.7	-0.36	0.0
sp|Q46GQ4|PYRH_PROMT	228	P	Exposed	0.76	-0.28	0.0
sp|Q46GQ4|PYRH_PROMT	229	I	Exposed	0.66	-0.36	0.0
sp|Q46GQ4|PYRH_PROMT	230	G	Exposed	0.39	-0.56	0.0
sp|Q46GQ4|PYRH_PROMT	231	S	Exposed	0.18	0.66	0.0
sp|Q46GQ4|PYRH_PROMT	232	R	Exposed	0.04	-0.4	0.0
sp|Q46GQ4|PYRH_PROMT	233	I	Exposed	0.14	-1.02	0.0
sp|Q46GQ4|PYRH_PROMT	234	S	Exposed	0.09	-1.02	0.0
sp|Q46GQ4|PYRH_PROMT	235	N	Exposed	0.07	-0.28	0.0
sp|Q46GQ4|PYRH_PROMT	236	S	Exposed	0.14	-1.18	0.0
sp|Q46GQ4|PYRH_PROMT	237	S	Exposed	0.23	-1.02	0.0
