sp|Q46GQ4|PYRH_PROMT	1	M	1	0.74
sp|Q46GQ4|PYRH_PROMT	2	T	1	0.63
sp|Q46GQ4|PYRH_PROMT	3	Y	1	0.59
sp|Q46GQ4|PYRH_PROMT	4	S	0	0.02
sp|Q46GQ4|PYRH_PROMT	5	R	0	0.06
sp|Q46GQ4|PYRH_PROMT	6	A	0	0.96
sp|Q46GQ4|PYRH_PROMT	7	L	0	0.98
sp|Q46GQ4|PYRH_PROMT	8	I	0	0.99
sp|Q46GQ4|PYRH_PROMT	9	K	0	0.92
sp|Q46GQ4|PYRH_PROMT	10	L	0	0.99
sp|Q46GQ4|PYRH_PROMT	11	S	0	0.66
sp|Q46GQ4|PYRH_PROMT	12	G	0	0.73
sp|Q46GQ4|PYRH_PROMT	13	E	1	0.39
sp|Q46GQ4|PYRH_PROMT	14	A	0	0.61
sp|Q46GQ4|PYRH_PROMT	15	L	0	0.9
sp|Q46GQ4|PYRH_PROMT	16	M	1	0.22
sp|Q46GQ4|PYRH_PROMT	17	G	1	0.8
sp|Q46GQ4|PYRH_PROMT	18	D	1	0.82
sp|Q46GQ4|PYRH_PROMT	19	K	1	0.87
sp|Q46GQ4|PYRH_PROMT	20	P	1	0.61
sp|Q46GQ4|PYRH_PROMT	21	Y	1	0.72
sp|Q46GQ4|PYRH_PROMT	22	G	1	0.33
sp|Q46GQ4|PYRH_PROMT	23	I	0	0.01
sp|Q46GQ4|PYRH_PROMT	24	D	1	0.82
sp|Q46GQ4|PYRH_PROMT	25	P	1	0.89
sp|Q46GQ4|PYRH_PROMT	26	E	1	0.94
sp|Q46GQ4|PYRH_PROMT	27	I	0	0.34
sp|Q46GQ4|PYRH_PROMT	28	V	0	0.88
sp|Q46GQ4|PYRH_PROMT	29	Q	1	0.69
sp|Q46GQ4|PYRH_PROMT	30	S	1	0.71
sp|Q46GQ4|PYRH_PROMT	31	I	0	0.94
sp|Q46GQ4|PYRH_PROMT	32	A	0	0.95
sp|Q46GQ4|PYRH_PROMT	33	K	1	0.96
sp|Q46GQ4|PYRH_PROMT	34	D	0	0.39
sp|Q46GQ4|PYRH_PROMT	35	V	0	0.98
sp|Q46GQ4|PYRH_PROMT	36	S	0	0.16
sp|Q46GQ4|PYRH_PROMT	37	K	1	0.96
sp|Q46GQ4|PYRH_PROMT	38	V	0	0.82
sp|Q46GQ4|PYRH_PROMT	39	V	0	0.5
sp|Q46GQ4|PYRH_PROMT	40	E	1	0.94
sp|Q46GQ4|PYRH_PROMT	41	N	1	0.93
sp|Q46GQ4|PYRH_PROMT	42	G	1	0.77
sp|Q46GQ4|PYRH_PROMT	43	T	0	0.31
sp|Q46GQ4|PYRH_PROMT	44	Q	0	0.08
sp|Q46GQ4|PYRH_PROMT	45	I	0	0.95
sp|Q46GQ4|PYRH_PROMT	46	A	0	0.99
sp|Q46GQ4|PYRH_PROMT	47	I	0	0.99
sp|Q46GQ4|PYRH_PROMT	48	V	0	0.99
sp|Q46GQ4|PYRH_PROMT	49	V	0	0.89
sp|Q46GQ4|PYRH_PROMT	50	G	0	0.59
sp|Q46GQ4|PYRH_PROMT	51	G	0	0.12
sp|Q46GQ4|PYRH_PROMT	52	G	1	0.56
sp|Q46GQ4|PYRH_PROMT	53	N	1	0.79
sp|Q46GQ4|PYRH_PROMT	54	I	0	0.17
sp|Q46GQ4|PYRH_PROMT	55	F	0	0.0
sp|Q46GQ4|PYRH_PROMT	56	R	1	0.85
sp|Q46GQ4|PYRH_PROMT	57	G	0	0.11
sp|Q46GQ4|PYRH_PROMT	58	L	0	0.48
sp|Q46GQ4|PYRH_PROMT	59	K	1	0.76
sp|Q46GQ4|PYRH_PROMT	60	G	1	0.65
sp|Q46GQ4|PYRH_PROMT	61	S	1	0.21
sp|Q46GQ4|PYRH_PROMT	62	A	1	0.51
sp|Q46GQ4|PYRH_PROMT	63	A	1	0.77
sp|Q46GQ4|PYRH_PROMT	64	G	1	0.87
sp|Q46GQ4|PYRH_PROMT	65	M	1	0.13
sp|Q46GQ4|PYRH_PROMT	66	D	1	0.95
sp|Q46GQ4|PYRH_PROMT	67	R	1	0.82
sp|Q46GQ4|PYRH_PROMT	68	A	1	0.75
sp|Q46GQ4|PYRH_PROMT	69	T	1	0.64
sp|Q46GQ4|PYRH_PROMT	70	A	0	0.09
sp|Q46GQ4|PYRH_PROMT	71	D	1	0.53
sp|Q46GQ4|PYRH_PROMT	72	Y	1	0.41
sp|Q46GQ4|PYRH_PROMT	73	V	0	0.81
sp|Q46GQ4|PYRH_PROMT	74	G	0	0.48
sp|Q46GQ4|PYRH_PROMT	75	M	1	0.14
sp|Q46GQ4|PYRH_PROMT	76	L	0	0.52
sp|Q46GQ4|PYRH_PROMT	77	A	0	0.78
sp|Q46GQ4|PYRH_PROMT	78	T	0	0.46
sp|Q46GQ4|PYRH_PROMT	79	V	0	0.33
sp|Q46GQ4|PYRH_PROMT	80	M	0	0.8
sp|Q46GQ4|PYRH_PROMT	81	N	0	0.83
sp|Q46GQ4|PYRH_PROMT	82	A	0	0.81
sp|Q46GQ4|PYRH_PROMT	83	I	0	0.42
sp|Q46GQ4|PYRH_PROMT	84	T	0	0.84
sp|Q46GQ4|PYRH_PROMT	85	L	0	0.89
sp|Q46GQ4|PYRH_PROMT	86	Q	0	0.04
sp|Q46GQ4|PYRH_PROMT	87	D	1	0.2
sp|Q46GQ4|PYRH_PROMT	88	G	0	0.8
sp|Q46GQ4|PYRH_PROMT	89	L	0	0.91
sp|Q46GQ4|PYRH_PROMT	90	E	1	0.92
sp|Q46GQ4|PYRH_PROMT	91	R	1	0.95
sp|Q46GQ4|PYRH_PROMT	92	A	1	0.23
sp|Q46GQ4|PYRH_PROMT	93	G	1	0.66
sp|Q46GQ4|PYRH_PROMT	94	V	0	0.87
sp|Q46GQ4|PYRH_PROMT	95	P	1	0.69
sp|Q46GQ4|PYRH_PROMT	96	T	0	0.12
sp|Q46GQ4|PYRH_PROMT	97	R	1	0.82
sp|Q46GQ4|PYRH_PROMT	98	V	0	0.13
sp|Q46GQ4|PYRH_PROMT	99	Q	1	0.15
sp|Q46GQ4|PYRH_PROMT	100	S	1	0.3
sp|Q46GQ4|PYRH_PROMT	101	A	0	0.62
sp|Q46GQ4|PYRH_PROMT	102	I	1	0.38
sp|Q46GQ4|PYRH_PROMT	103	D	1	0.85
sp|Q46GQ4|PYRH_PROMT	104	M	0	0.13
sp|Q46GQ4|PYRH_PROMT	105	Q	1	0.82
sp|Q46GQ4|PYRH_PROMT	106	Q	1	0.63
sp|Q46GQ4|PYRH_PROMT	107	I	1	0.75
sp|Q46GQ4|PYRH_PROMT	108	A	1	0.15
sp|Q46GQ4|PYRH_PROMT	109	E	1	0.2
sp|Q46GQ4|PYRH_PROMT	110	P	1	0.82
sp|Q46GQ4|PYRH_PROMT	111	Y	1	0.54
sp|Q46GQ4|PYRH_PROMT	112	I	0	0.48
sp|Q46GQ4|PYRH_PROMT	113	R	1	0.29
sp|Q46GQ4|PYRH_PROMT	114	R	1	0.96
sp|Q46GQ4|PYRH_PROMT	115	R	1	0.27
sp|Q46GQ4|PYRH_PROMT	116	A	0	0.99
sp|Q46GQ4|PYRH_PROMT	117	I	1	0.14
sp|Q46GQ4|PYRH_PROMT	118	R	1	0.94
sp|Q46GQ4|PYRH_PROMT	119	H	0	0.7
sp|Q46GQ4|PYRH_PROMT	120	L	0	0.84
sp|Q46GQ4|PYRH_PROMT	121	E	1	0.95
sp|Q46GQ4|PYRH_PROMT	122	K	1	0.98
sp|Q46GQ4|PYRH_PROMT	123	G	1	0.3
sp|Q46GQ4|PYRH_PROMT	124	R	1	0.41
sp|Q46GQ4|PYRH_PROMT	125	V	0	0.98
sp|Q46GQ4|PYRH_PROMT	126	V	0	0.92
sp|Q46GQ4|PYRH_PROMT	127	V	0	0.99
sp|Q46GQ4|PYRH_PROMT	128	F	0	0.96
sp|Q46GQ4|PYRH_PROMT	129	G	0	0.86
sp|Q46GQ4|PYRH_PROMT	130	G	0	0.6
sp|Q46GQ4|PYRH_PROMT	131	G	1	0.15
sp|Q46GQ4|PYRH_PROMT	132	C	1	0.01
sp|Q46GQ4|PYRH_PROMT	133	G	1	0.25
sp|Q46GQ4|PYRH_PROMT	134	N	1	0.7
sp|Q46GQ4|PYRH_PROMT	135	P	1	0.6
sp|Q46GQ4|PYRH_PROMT	136	F	1	0.78
sp|Q46GQ4|PYRH_PROMT	137	F	1	0.07
sp|Q46GQ4|PYRH_PROMT	138	T	1	0.7
sp|Q46GQ4|PYRH_PROMT	139	T	1	0.28
sp|Q46GQ4|PYRH_PROMT	140	D	0	0.03
sp|Q46GQ4|PYRH_PROMT	141	T	1	0.31
sp|Q46GQ4|PYRH_PROMT	142	T	0	0.69
sp|Q46GQ4|PYRH_PROMT	143	A	0	0.98
sp|Q46GQ4|PYRH_PROMT	144	A	0	0.81
sp|Q46GQ4|PYRH_PROMT	145	L	0	0.26
sp|Q46GQ4|PYRH_PROMT	146	R	0	0.7
sp|Q46GQ4|PYRH_PROMT	147	A	0	0.99
sp|Q46GQ4|PYRH_PROMT	148	A	0	0.3
sp|Q46GQ4|PYRH_PROMT	149	E	1	0.58
sp|Q46GQ4|PYRH_PROMT	150	I	0	0.89
sp|Q46GQ4|PYRH_PROMT	151	N	1	0.59
sp|Q46GQ4|PYRH_PROMT	152	A	0	0.89
sp|Q46GQ4|PYRH_PROMT	153	E	1	0.93
sp|Q46GQ4|PYRH_PROMT	154	V	0	0.29
sp|Q46GQ4|PYRH_PROMT	155	V	0	0.98
sp|Q46GQ4|PYRH_PROMT	156	F	0	0.67
sp|Q46GQ4|PYRH_PROMT	157	K	1	0.43
sp|Q46GQ4|PYRH_PROMT	158	A	0	0.9
sp|Q46GQ4|PYRH_PROMT	159	T	1	0.25
sp|Q46GQ4|PYRH_PROMT	160	K	1	0.92
sp|Q46GQ4|PYRH_PROMT	161	V	1	0.1
sp|Q46GQ4|PYRH_PROMT	162	D	1	0.85
sp|Q46GQ4|PYRH_PROMT	163	G	0	0.45
sp|Q46GQ4|PYRH_PROMT	164	V	0	0.74
sp|Q46GQ4|PYRH_PROMT	165	Y	0	0.11
sp|Q46GQ4|PYRH_PROMT	166	D	1	0.58
sp|Q46GQ4|PYRH_PROMT	167	R	1	0.84
sp|Q46GQ4|PYRH_PROMT	168	D	1	0.43
sp|Q46GQ4|PYRH_PROMT	169	P	1	0.37
sp|Q46GQ4|PYRH_PROMT	170	K	1	0.98
sp|Q46GQ4|PYRH_PROMT	171	K	1	0.92
sp|Q46GQ4|PYRH_PROMT	172	F	0	0.51
sp|Q46GQ4|PYRH_PROMT	173	T	1	0.92
sp|Q46GQ4|PYRH_PROMT	174	D	1	0.92
sp|Q46GQ4|PYRH_PROMT	175	A	0	0.58
sp|Q46GQ4|PYRH_PROMT	176	V	1	0.71
sp|Q46GQ4|PYRH_PROMT	177	K	1	0.91
sp|Q46GQ4|PYRH_PROMT	178	Y	0	0.66
sp|Q46GQ4|PYRH_PROMT	179	D	1	0.87
sp|Q46GQ4|PYRH_PROMT	180	N	1	0.85
sp|Q46GQ4|PYRH_PROMT	181	L	0	0.91
sp|Q46GQ4|PYRH_PROMT	182	T	1	0.58
sp|Q46GQ4|PYRH_PROMT	183	F	0	0.48
sp|Q46GQ4|PYRH_PROMT	184	Q	1	0.87
sp|Q46GQ4|PYRH_PROMT	185	D	1	0.6
sp|Q46GQ4|PYRH_PROMT	186	V	0	0.71
sp|Q46GQ4|PYRH_PROMT	187	L	1	0.43
sp|Q46GQ4|PYRH_PROMT	188	A	1	0.9
sp|Q46GQ4|PYRH_PROMT	189	N	1	0.91
sp|Q46GQ4|PYRH_PROMT	190	E	1	0.87
sp|Q46GQ4|PYRH_PROMT	191	I	0	0.43
sp|Q46GQ4|PYRH_PROMT	192	G	1	0.16
sp|Q46GQ4|PYRH_PROMT	193	V	1	0.08
sp|Q46GQ4|PYRH_PROMT	194	M	0	0.75
sp|Q46GQ4|PYRH_PROMT	195	D	0	0.89
sp|Q46GQ4|PYRH_PROMT	196	S	1	0.21
sp|Q46GQ4|PYRH_PROMT	197	T	1	0.06
sp|Q46GQ4|PYRH_PROMT	198	A	0	1.0
sp|Q46GQ4|PYRH_PROMT	199	I	0	0.85
sp|Q46GQ4|PYRH_PROMT	200	A	1	0.56
sp|Q46GQ4|PYRH_PROMT	201	L	0	0.79
sp|Q46GQ4|PYRH_PROMT	202	C	0	0.98
sp|Q46GQ4|PYRH_PROMT	203	K	1	0.94
sp|Q46GQ4|PYRH_PROMT	204	D	1	0.98
sp|Q46GQ4|PYRH_PROMT	205	N	1	0.74
sp|Q46GQ4|PYRH_PROMT	206	K	1	0.96
sp|Q46GQ4|PYRH_PROMT	207	I	0	0.92
sp|Q46GQ4|PYRH_PROMT	208	P	1	0.72
sp|Q46GQ4|PYRH_PROMT	209	I	0	0.89
sp|Q46GQ4|PYRH_PROMT	210	V	0	0.55
sp|Q46GQ4|PYRH_PROMT	211	V	0	0.98
sp|Q46GQ4|PYRH_PROMT	212	F	0	0.88
sp|Q46GQ4|PYRH_PROMT	213	N	0	0.72
sp|Q46GQ4|PYRH_PROMT	214	I	0	0.72
sp|Q46GQ4|PYRH_PROMT	215	F	0	0.64
sp|Q46GQ4|PYRH_PROMT	216	Q	1	0.38
sp|Q46GQ4|PYRH_PROMT	217	P	0	0.18
sp|Q46GQ4|PYRH_PROMT	218	G	1	0.25
sp|Q46GQ4|PYRH_PROMT	219	N	1	0.67
sp|Q46GQ4|PYRH_PROMT	220	I	1	0.14
sp|Q46GQ4|PYRH_PROMT	221	A	0	0.48
sp|Q46GQ4|PYRH_PROMT	222	K	1	0.8
sp|Q46GQ4|PYRH_PROMT	223	A	1	0.4
sp|Q46GQ4|PYRH_PROMT	224	I	1	0.08
sp|Q46GQ4|PYRH_PROMT	225	S	1	0.28
sp|Q46GQ4|PYRH_PROMT	226	G	1	0.62
sp|Q46GQ4|PYRH_PROMT	227	E	1	0.86
sp|Q46GQ4|PYRH_PROMT	228	P	1	0.57
sp|Q46GQ4|PYRH_PROMT	229	I	1	0.33
sp|Q46GQ4|PYRH_PROMT	230	G	1	0.6
sp|Q46GQ4|PYRH_PROMT	231	S	1	0.67
sp|Q46GQ4|PYRH_PROMT	232	R	1	0.76
sp|Q46GQ4|PYRH_PROMT	233	I	1	0.51
sp|Q46GQ4|PYRH_PROMT	234	S	1	0.68
sp|Q46GQ4|PYRH_PROMT	235	N	1	0.79
sp|Q46GQ4|PYRH_PROMT	236	S	1	0.84
sp|Q46GQ4|PYRH_PROMT	237	S	1	0.85
